Workbook

Sheet Ringkasan
A1: VoC x OneBox -- Epic Backlog (Epic 1-3)
A2: Sumber kanonis task: VOC_DEV_TASKLIST.md. Setiap Story Epic 1-3 di-cross-reference ke Task ID (M#-##) untuk traceability. Update status di sheet Task ID -> update di sini otomatis (formula).
A4: Epic | B4: Prioritas | C4: Nilai Bisnis (ringkas) | D4: Jumlah Item | E4: Total MD (estimasi) | F4: Definition of Done | G4: Done | H4: WIP | I4: Todo | J4: Blocked
A5: EPIC 1 -- Master Data & Config/Setup | B5: 1 | C5: Admin tenant bisa mengatur apa yang dipantau (lokasi, kompetitor) tanpa bantuan developer; konfigurasi otomatis tersalur ke Crawler. | D5: =COUNTA('Epic 1 - Master Data'!$D$6:$D$13) -> 8 | E5: =SUM('Epic 1 - Master Data'!$G$6:$G$13) -> 13.1 | F5: Tambah/ubah/nonaktifkan lokasi & kompetitor di OneBox -> otomatis muncul/hilang di worklist Crawler, tanpa langkah manual di sisi Crawler. | G5: =COUNTIF('Epic 1 - Master Data'!$H$6:$H$13,"Done") -> 4 | H5: =COUNTIF('Epic 1 - Master Data'!$H$6:$H$13,"WIP") -> 1 | I5: =COUNTIF('Epic 1 - Master Data'!$H$6:$H$13,"Todo") -> 3 | J5: =COUNTIF('Epic 1 - Master Data'!$H$6:$H$13,"Blocked") -> 0
A6: EPIC 2 -- Ingest & Ticketing | B6: 2 | C6: Review yang tercrawl otomatis masuk sebagai Ticket yang bisa ditindaklanjuti, tanpa duplikat, tanpa request yang nge-hang. | D6: =COUNTA('Epic 2 - Ingest Ticketing'!$D$6:$D$19) -> 14 | E6: =SUM('Epic 2 - Ingest Ticketing'!$G$6:$G$19) -> 26.5 | F6: Satu siklus penuh terbukti di Dev: trigger crawl balas <1 detik; window harian menarik hanya review baru; re-sync tidak pernah bikin Ticket dobel; lokasi baru yang sudah punya histori di VoC ter-backfill penuh. | G6: =COUNTIF('Epic 2 - Ingest Ticketing'!$H$6:$H$19,"Done") -> 0 | H6: =COUNTIF('Epic 2 - Ingest Ticketing'!$H$6:$H$19,"WIP") -> 0 | I6: =COUNTIF('Epic 2 - Ingest Ticketing'!$H$6:$H$19,"Todo") -> 12 | J6: =COUNTIF('Epic 2 - Ingest Ticketing'!$H$6:$H$19,"Blocked") -> 2
A7: EPIC 3 -- Scheduling & Reliability | B7: 3 | C7: Data segar tersedia sebelum jam kerja tanpa user menunggu; kegagalan terlihat sebelum user yang melapor. | D7: =COUNTA('Epic 3 - Scheduling'!$D$6:$D$15) -> 10 | E7: =SUM('Epic 3 - Scheduling'!$G$6:$G$15) -> 15 | F7: Satu site = tepat 3 occurrence/hari; restart tidak mengubah planned_at; dua trigger bersamaan -> hanya satu run; kegagalan terdeteksi via alarm sebelum user melapor. | G7: =COUNTIF('Epic 3 - Scheduling'!$H$6:$H$15,"Done") -> 0 | H7: =COUNTIF('Epic 3 - Scheduling'!$H$6:$H$15,"WIP") -> 0 | I7: =COUNTIF('Epic 3 - Scheduling'!$H$6:$H$15,"Todo") -> 10 | J7: =COUNTIF('Epic 3 - Scheduling'!$H$6:$H$15,"Blocked") -> 0
A8: TOTAL | D8: =SUM(D5:D7) -> 32 | E8: =SUM(E5:E7) -> 54.6 | G8: =SUM(G5:G7) -> 4 | H8: =SUM(H5:H7) -> 1 | I8: =SUM(I5:I7) -> 25 | J8: =SUM(J5:J7) -> 2
A10: Jalur kritis (lintas 3 epic):
A11: M1-05 (Epic 1) -> M2-02 (Epic 2) -> M3-01 (Epic 2) -> M4-03 (Epic 3). Item lain di luar rantai ini bisa dikerjakan paralel.
A13: Catatan penting sebelum sprint mulai:
A14: 1. Tasklist kanonis (24 Jul) menandai seluruh M2 = todo, tapi VOC_CRAWL_PROOF_RUNBOOK.md (lebih baru, ~5 hari setelahnya) menyebut sebagian besar M2 [verified-local] di branch codex/key-process-x1-x5, belum di-merge/dibuktikan di Dev. SINKRONKAN status ini dengan tim VC/Codex sebelum sprint planning final -- jangan asumsikan salah satu dokumen 100% benar.
A15: 2. Prioritaskan M1-08 (quick-fix Connection dev 1039) di hari pertama -- estimasi 0.1 MD, menghilangkan potensi salah baca hasil proof E1/E2.
A16: 3. X1 (crawl Google real di lingkungan Dev) adalah risiko tertinggi proyek -- uji paling awal sebelum lanjut ke E3 (scheduling), sesuai VOC_CRAWL_PROOF_RUNBOOK.md.
A17: 4. Semua ADR (0001-0004) dan tasklist ini BELUM diratifikasi Pak Agung -- lihat sheet 'Gates & Prasyarat' baris P7/M0-05.

Sheet Epic 1 - Master Data
A1: EPIC 1 — Master Data & Config/Setup
A2: Nilai bisnis: Admin tenant bisa mengatur apa yang dipantau (lokasi, kompetitor) tanpa bantuan developer; konfigurasi otomatis tersalur ke Crawler.
A3: Definition of Done Epic: Tambah/ubah/nonaktifkan lokasi & kompetitor di OneBox -> otomatis muncul/hilang di worklist Crawler, tanpa langkah manual di sisi Crawler.
A5: Story ID | B5: User Story | C5: Acceptance Criteria | D5: Task ID | E5: Owner | F5: Prasyarat | G5: MD | H5: Status | I5: Catatan
A6: E1-S1 | B6: Sebagai admin tenant, saya ingin menambah/mengubah/menonaktifkan cabang (lokasi) yang dipantau, supaya saya bisa mengatur cakupan pemantauan tanpa bantuan developer. | C6: Form simpan berfungsi; toggle aktif/nonaktif; hapus hanya jika belum ada review; Place ID tidak boleh duplikat. | D6: M1-01 | E6: OB | F6: - | G6: 3 | H6: Done
A7: E1-S2 | B7: Sebagai admin tenant, saya ingin mendaftarkan kompetitor yang ingin dipantau, supaya saya bisa membandingkan performa cabang dengan kompetitor. | C7: Pola sama seperti lokasi; StatusId=CNS3 agar tidak tersapu penjadwal. | D7: M1-02 | E7: OB | F7: M1-01 | G7: 3 | H7: Done
A8: E1-S3 | B8: Sebagai sistem, begitu lokasi/kompetitor disimpan di OneBox, target itu harus otomatis tersedia untuk ditarik Crawler, supaya tidak ada sinkronisasi ganda dua sistem. | C8: GET /api/VocWorklist ter-scope sid dari JWT. | D8: M1-03 | E8: OB | F8: P3 | G8: 1 | H8: Done | I8: [verified]
A9: E1-S4 | B9: Sebagai developer, saya ingin jalur simpan Lokasi/Kompetitor tidak lagi memanggil push sinkron lama, supaya arsitektur konsisten dengan pola pull (ADR-0003). | C9: Simpan Lokasi/Kompetitor sukses tanpa panggilan sinkron keluar. | D9: M1-04 | E9: OB | F9: M1-03 | G9: 0.5 | H9: Done | I9: Koreksi dari draf sebelumnya (bukan soal retensi data hapus lokasi).
A10: E1-S5 | B10: Sebagai Crawler, saya ingin menarik worklist dari OneBox dan menyimpannya ke cache lokal, supaya crawl tahu target tanpa OneBox mendorong data. | C10: Sync menghasilkan status=synced, target masuk cache lokasi. | D10: M1-05 | E10: VC | F10: M1-03, P5 | G10: 4 | H10: WIP | I10: Proof runbook (lebih baru) menyebut [verified-dev] sebagian -- konfirmasi status penuh ke Codex/VC.
A11: E1-S6 | B11: Sebagai developer, saya ingin jembatan transisi (push sinkron di tombol resync & toggle) dihapus setelah E1-S5 terbukti stabil, supaya tidak ada dual-write yang membingungkan. | C11: Tombol resync/toggle di OneBox tidak lagi memanggil endpoint push lama. | D11: M1-06 | E11: OB | F11: M1-05 terbukti | G11: 0.5 | H11: Todo
A12: E1-S7 | B12: Sebagai sistem, endpoint tulis Location/Competitor lama di Crawler harus menjadi read-only bagi manusia, supaya OneBox benar-benar satu-satunya tempat edit. | C12: Endpoint lama menolak write manual, hanya menerima dari sinkronisasi internal. | D12: M1-07 | E12: VC | F12: M1-05 | G12: 1 | H12: Todo
A13: BUG | B13: (Bukan story) Connection dev 1039 (Hermina Depok) StatusId salah, ikut tersapu penjadwal. | C13: StatusId diperbaiki menjadi CNS2. | D13: M1-08 | E13: OPS | F13: - | G13: 0.1 | H13: Todo | I13: [verified] -- QUICK FIX, kerjakan paling duluan di sprint ini.

Sheet Epic 2 - Ingest Ticketing
A1: EPIC 2 — Ingest & Ticketing
A2: Nilai bisnis: Review yang tercrawl otomatis masuk sebagai Ticket yang bisa ditindaklanjuti, tanpa duplikat, tanpa request yang nge-hang.
A3: Definition of Done Epic: Satu siklus penuh terbukti di Dev: trigger crawl balas <1 detik; window harian menarik hanya review baru; re-sync tidak pernah bikin Ticket dobel; lokasi baru yang sudah punya histori di VoC ter-backfill penuh.
A5: Story ID | B5: User Story | C5: Acceptance Criteria | D5: Task ID | E5: Owner | F5: Prasyarat | G5: MD | H5: Status | I5: Catatan
A6: E2-S1 | B6: Sebagai sistem, saya ingin ada tabel antrean crawl job (pending/claimed/done/failed) dengan attempts & next_retry_at, supaya crawl bisa diproses asinkron dan dilacak statusnya. | C6: Tabel tersedia dengan kolom status, attempts, next_retry_at, locked_by. | D6: M2-01 | E6: VC | F6: M1-05 | G6: 2 | H6: Todo | I6: Belum ada di dokumen draf sebelumnya -- ditambahkan sekarang.
A7: E2-S2 | B7: Sebagai sistem, saya ingin worker yang mengambil job dari antrean secara atomik (SELECT FOR UPDATE SKIP LOCKED), supaya tidak ada dua worker mengerjakan job yang sama. | C7: Klaim job atomik; tidak ada job diproses dobel. | D7: M2-02 | E7: VC | F7: M2-01 | G7: 3 | H7: Todo | I7: Bagian dari jalur kritis (M1-05 -> M2-02 -> M3-01 -> M4-03).
A8: E2-S3 | B8: Sebagai OneBox, saya ingin memicu crawl satu target secara non-blocking, supaya permintaan tidak menunggu Selenium selesai. | C8: POST /api/integration/v1/crawl-jobs balas 202+batch_id dalam <1 detik. | D8: M2-03 | E8: VC | F8: M2-01 | G8: 2 | H8: Todo | I8: Tasklist (24 Jul) = todo, TAPI proof runbook (lebih baru) menyebut [verified-local] di branch codex/key-process-x1-x5 -- BELUM di-merge/dibuktikan di Dev. Sinkronkan status dgn tim VC.
A9: E2-S4 | B9: Sebagai sistem, job yang gagal harus di-retry sesuai jenis error (429 backoff, 404 tidak diulang, timeout diulang singkat), supaya crawl tangguh terhadap gangguan sementara. | C9: Retry differentiated per kelas error + jitter. | D9: M2-04 | E9: VC | F9: M2-02 | G9: 2 | H9: Todo | I9: Proof runbook menyebut [verified-local] -- konfirmasi.
A10: E2-S5 | B10: Sebagai sistem, crawl antar-target harus diberi jeda dan tidak serempak dalam satu window, supaya tidak memicu blokir dari Google. | C10: Rate limit per target + stagger terbukti di log. | D10: M2-05 | E10: VC | F10: M2-02 | G10: 1.5 | H10: Todo | I10: Proof runbook menyebut [verified-local] -- konfirmasi.
A11: E2-S6 | B11: Sebagai sistem, saya ingin job baru ditolak saat CPU/RAM di atas ambang batas, supaya server tidak kolaps saat antrean penuh. | C11: Backpressure aktif; job baru ditolak/ditunda saat resource tinggi. | D11: M2-06 | E11: VC | F11: M2-02 | G11: 1 | H11: Todo | I11: Belum ada di dokumen draf sebelumnya -- ditambahkan sekarang.
A12: E2-S7 | B12: Sebagai ops, saya ingin melihat status batch crawl (queued/succeeded/failed) beserta hasil per lokasi, supaya saya tahu progres tanpa membaca log mentah. | C12: GET /api/integration/v1/crawl-jobs/{batch_id} mengembalikan status detail. | D12: M2-07 | E12: VC | F12: M2-03 | G12: 1 | H12: Todo | I12: Proof runbook menyebut [verified-local] -- konfirmasi.
A13: E2-S8 | B13: Sebagai sistem, saya ingin crawl berhenti otomatis begitu menyentuh review yang sudah dimiliki (bukan tarik ulang semua), supaya window harian selesai dalam hitungan detik. | C13: Cursor per target, scrape terbaru-dulu, stop saat ketemu yang sudah ada. | D13: M3-01 | E13: VC | F13: M2-02 | G13: 3 | H13: Todo | I13: Bagian dari jalur kritis.
A14: E2-S9 | B14: Sebagai sistem, saya ingin kunci idempotency review yang stabil (ID Google atau hash author+tanggal+teks), supaya review yang sama tidak pernah tersimpan dua kali. | C14: Kunci idempotency ditetapkan & didokumentasikan. | D14: M3-02 | E14: VC | F14: - | G14: 1 | H14: Todo | I14: [assumption] -- pendekatan hash perlu diverifikasi, belum final.
A15: E2-S10 | B15: Sebagai OneBox, saya ingin menarik review baru secara delta memakai checkpoint_cursor, supaya sinkronisasi harian cepat dan tidak mengulang semua data. | C15: checkpoint_cursor disimpan HANYA setelah seluruh halaman sukses di-ingest. | D15: M3-03 | E15: OB | F15: M3-01 | G15: 2 | H15: Todo
A16: E2-S11 | B16: Sebagai OneBox, saat lokasi baru ditambahkan yang sudah punya histori review lama di Crawler, saya ingin backfill penuh dulu sebelum masuk aliran delta, supaya tidak ada review lama yang terlewat. | C16: Backfill ?location_id&updated_since=<jauh> dijalankan sebelum digabung ke delta. | D16: M3-04 | E16: OB | F16: M3-03 | G16: 2 | H16: Todo | I16: Jebakan teridentifikasi -- JANGAN skip, checkpoint yang sudah maju akan melewatkan review lama lokasi baru.
A17: E2-S12 | B17: Sebagai OneBox, saya ingin lokasi lama yang sudah sempat di-crawl VoC tapi belum punya Ticket direkonsiliasi, supaya tidak ada data yang hilang di tengah jalan (kasus Bekasi). | C17: Review historis kasus Bekasi berhasil ter-backfill jadi Ticket. | D17: M3-05 | E17: OB | F17: M3-04 | G17: 1 | H17: Todo
A18: E2-S13 | B18: Sebagai OneBox, saya ingin data review kompetitor tersedia untuk ditarik, supaya bisa dipakai perbandingan/insight. | C18: Endpoint competitor_reviews tersedia di Crawler. | D18: M3-06 | E18: VC | F18: M2-02 | G18: 3 | H18: Blocked | I18: [verified] API GAP -- endpoint belum ada sama sekali di Crawler. Handoff ke tim VC/Codex, jangan ditambal di OneBox.
A19: E2-S14 | B19: Sebagai manajemen, saya ingin melihat review kompetitor di OneBox (tanpa menjadi Ticket), supaya bisa dibandingkan dengan performa sendiri. | C19: Review kompetitor tampil terpisah dari alur Ticket. | D19: M3-07 | E19: OB | F19: M3-06 | G19: 2 | H19: Blocked | I19: Menunggu E2-S13 (M3-06) selesai.

Sheet Epic 3 - Scheduling
A1: EPIC 3 — Scheduling & Reliability
A2: Nilai bisnis: Data segar tersedia sebelum jam kerja tanpa user menunggu; kegagalan terlihat sebelum user yang melapor.
A3: Definition of Done Epic: Satu site = tepat 3 occurrence/hari; restart tidak mengubah planned_at; dua trigger bersamaan -> hanya satu run; kegagalan terdeteksi via alarm sebelum user melapor.
A5: Story ID | B5: User Story | C5: Acceptance Criteria | D5: Task ID | E5: Owner | F5: Prasyarat | G5: MD | H5: Status | I5: Catatan
A6: E3-S1 | B6: Sebagai sistem, saya ingin tabel jadwal occurrence yang unik per site+tanggal+slot, supaya tidak ada dua jadwal bentrok untuk slot yang sama. | C6: Tabel unique constraint (site_id, local_date, slot). | D6: M4-01 | E6: OB | F6: - | G6: 1.5 | H6: Todo
A7: E3-S2 | B7: Sebagai sistem, saya ingin waktu jalan (planned_at) diacak dalam rentang tiap slot (pagi 05-07, siang 11-13, malam 21-23) sesuai timezone site, supaya beban crawl tidak menumpuk di detik yang sama. | C7: planned_at ter-persist per slot; tidak berubah saat restart. | D7: M4-02 | E7: OB | F7: M4-01 | G7: 1.5 | H7: Todo
A8: E3-S3 | B8: Sebagai OneBox, saya ingin trigger fetch berubah dari sinkron (menunggu) menjadi 'kick' non-blocking ke antrean crawl lalu delta pull, supaya scheduler tidak menahan proses lain. | C8: Trigger otomatis memanggil M2-03 lalu M3-03 tanpa blocking. | D8: M4-03 | E8: OB | F8: M2-03, M3-03 | G8: 2 | H8: Todo | I8: UJUNG dari jalur kritis (M1-05 -> M2-02 -> M3-01 -> M4-03). Owner scheduler tunggal = OneBox, jangan bikin scheduler kedua di VoC.
A9: E3-S4 | B9: Sebagai sistem, saya ingin dua trigger yang bersamaan untuk site+slot yang sama hanya menghasilkan satu run, supaya tidak ada crawl dobel. | C9: Lock no-overlap + idempotency key site:date:slot terbukti. | D9: M4-04 | E9: OB | F9: M4-02 | G9: 1 | H9: Todo
A10: E3-S5 | B10: Sebagai ops, saya ingin melihat histori run (planned/actual/status/counters) dan bisa memicu 'Run now', supaya saya bisa memantau & mengintervensi jadwal. | C10: UI histori run + tombol Run now berfungsi. | D10: M4-05 | E10: OB | F10: M4-04 | G10: 2 | H10: Todo
A11: E3-S6 | B11: Sebagai ops, saya ingin tiap run menghasilkan ringkasan (fetched/inserted/deduped/failed), supaya saya tahu hasilnya tanpa membaca log mentah. | C11: Error handling + ringkasan run tersimpan/tertampil. | D11: M5-01 | E11: OB | F11: - | G11: 2 | H11: Todo
A12: E3-S7 | B12: Sebagai sistem, saya ingin mencatat kesegaran tiap target (last_crawled_at, last_success_at, consecutive_failures), supaya bisa dideteksi target yang bermasalah. | C12: Kolom freshness terisi & ter-update tiap siklus crawl. | D12: M5-02 | E12: VC | F12: M3-01 | G12: 1.5 | H12: Todo
A13: E3-S8 | B13: Sebagai admin tenant, saya ingin melihat badge 'Terakhir di-crawl HH:MM' pada tiap lokasi, supaya saya tahu kesegaran datanya tanpa buka log. | C13: Badge menggantikan status provisioning lama di UI. | D13: M5-03 | E13: OB | F13: M5-02 | G13: 1 | H13: Todo
A14: E3-S9 | B14: Sebagai ops, saya ingin mendapat alarm saat target bolos window, antrean menumpuk, atau error-rate di atas 10%, supaya saya tahu ada masalah sebelum user melapor. | C14: Alarm terpicu pada 3 kondisi tsb. | D14: M5-04 | E14: OB | F14: M5-01 | G14: 1.5 | H14: Todo
A15: E3-S10 | B15: Sebagai security/compliance, saya ingin log tidak pernah memuat token, cursor utuh, atau teks review penuh, supaya tidak ada kebocoran data sensitif lewat log. | C15: Audit log tidak menemukan data sensitif. | D15: M5-05 | E15: OB+VC | F15: - | G15: 1 | H15: Todo

Sheet Gates & Prasyarat
A1: Gate & Prasyarat Lintas-Epic (bukan Epic -- syarat wajib, bukan kebutuhan pengguna)
A2: M0 (fondasi teknis) tidak diperlakukan sebagai Epic karena tidak ada 'user story' natural untuk ratifikasi ADR / perbaikan bug internal -- ini prasyarat kerja, bukan kebutuhan pengguna.
A4: ID | B4: Deskripsi | C4: Owner | D4: Status | E4: Catatan | F4: Relevansi Epic
A5: P1 | B5: Docker + stack dev_DNGO19-3346 hidup; Traefik publish :80/:443 | C5: OPS | D5: Done | E5: [verified] | F5: Semua epic
A6: P2 | B6: Base URL OneBox dev = https://localhost/feature/DNGO19-3346 | C6: OPS | D6: Done | E6: [verified] | F6: Semua epic
A7: P3 | B7: Akun login OneBox dev valid (voc.dev@onebox.local, siteId 169) | C7: OPS | D7: Done | E7: [verified] -- test@gmail.com TIDAK valid | F7: Semua epic
A8: P4 | B8: VoC API hidup + service token untuk OneBox | C8: OPS | D8: Done | E8: [verified] -- spesifikasi di /api/openapi.json | F8: Semua epic
A9: P5 | B9: Jaringan VoC <-> OneBox terbuka DUA ARAH (bukan cuma OneBox->VoC) | C9: OPS | D9: Todo | E9: [assumption] -- prasyarat mutlak E1-S5 (M1-05) | F9: Epic 1
A10: P6 / M0-06 | B10: Seeding DB dev seragam antar developer | C10: OPS | D10: Blocked | E10: Dieskalasi ke senior dev -- jangan diutak-atik dulu | F10: Prasyarat M6 (di luar Epic 1-3)
A11: P7 / M0-05 | B11: Ratifikasi ADR-0001/0002/0003 ke Pak Agung (satu paket) | C11: OPS | D11: Todo | E11: Teknis boleh jalan pakai default; ratifikasi mengunci keputusan | F11: Semua epic (governance)
A12: M0-07 | B12: Perbaiki getUserAllRole (SQL IN() error saat user tanpa role) | C12: OPS | D12: Blocked | E12: Butuh izin senior dev | F12: Prasyarat M8-07 (Epic 6, di luar Epic 1-3)
